implementation,threads,run,time
basic,1,1,7.400906e+00
basic,1,2,7.316309e+00
basic,1,3,7.372795e+00
basic,4,1,3.761520e+00
basic,4,2,3.695889e+00
basic,4,3,3.728822e+00
basic,8,1,3.742493e+00
basic,8,2,3.829041e+00
basic,8,3,3.749792e+00
basic,16,1,3.844831e+00
basic,16,2,3.743262e+00
basic,16,3,3.790551e+00
basic,32,1,3.776468e+00
basic,32,2,3.775040e+00
basic,32,3,3.743329e+00
red_default,1,1,3.749528e+00
red_default,1,2,3.695965e+00
red_default,1,3,3.773043e+00
red_default,4,1,2.573207e+00
red_default,4,2,2.502725e+00
red_default,4,3,2.619859e+00
red_default,8,1,2.018797e+00
red_default,8,2,2.040621e+00
red_default,8,3,2.074844e+00
red_default,16,1,1.952845e+00
red_default,16,2,2.055913e+00
red_default,16,3,1.947161e+00
red_default,32,1,1.990513e+00
red_default,32,2,2.018716e+00
red_default,32,3,1.971567e+00
red_forces,1,1,3.715143e+00
red_forces,1,2,3.743620e+00
red_forces,1,3,3.710393e+00
red_forces,4,1,1.973014e+00
red_forces,4,2,2.009925e+00
red_forces,4,3,1.964055e+00
red_forces,8,1,1.937290e+00
red_forces,8,2,1.931208e+00
red_forces,8,3,1.948533e+00
red_forces,16,1,1.920134e+00
red_forces,16,2,2.044983e+00
red_forces,16,3,1.926180e+00
red_forces,32,1,1.940552e+00
red_forces,32,2,2.051035e+00
red_forces,32,3,1.934233e+00
red_all,1,1,3.758915e+00
red_all,1,2,3.719753e+00
red_all,1,3,3.711027e+00
red_all,4,1,2.003245e+00
red_all,4,2,1.857896e+00
red_all,4,3,1.909935e+00
red_all,8,1,2.006593e+00
red_all,8,2,1.921617e+00
red_all,8,3,2.015268e+00
red_all,16,1,1.959762e+00
red_all,16,2,1.927749e+00
red_all,16,3,1.984354e+00
red_all,32,1,2.011009e+00
red_all,32,2,2.078102e+00
red_all,32,3,1.999522e+00
